generation,avg_cost,avg_availability
1,0.5680000000000001,0.9019999999999999
2,0.45199999999999996,0.9040000000000001
3,0.5660000000000001,0.9099999999999999
4,0.41600000000000004,0.876
5,0.622,0.8539999999999999
6,0.682,0.9019999999999999
7,0.536,0.8959999999999999
8,0.362,0.9120000000000001
9,0.66,0.9019999999999999
10,0.5339999999999999,0.9100000000000001
