generation,avg_cost,avg_availability,min_cost,max_availability
1,0.127,0.901,0.03,0.97
2,0.11300000000000002,0.9030000000000001,0.03,0.97
3,0.10400000000000001,0.905,0.03,0.97
4,0.1,0.8969999999999999,0.03,0.97
5,0.10300000000000001,0.8985000000000001,0.03,0.97
6,0.0995,0.8975,0.03,0.97
7,0.09100000000000001,0.907,0.03,0.97
8,0.09200000000000001,0.898,0.03,0.97
